--
-- PostgreSQL database dump
--

-- Dumped from database version 17.5
-- Dumped by pg_dump version 17.5

-- Started on 2025-08-06 07:07:12

SET statement_timeout = 0;
SET lock_timeout = 0;
SET idle_in_transaction_session_timeout = 0;
SET transaction_timeout = 0;
SET client_encoding = 'UTF8';
SET standard_conforming_strings = on;
SELECT pg_catalog.set_config('search_path', '', false);
SET check_function_bodies = false;
SET xmloption = content;
SET client_min_messages = warning;
SET row_security = off;

DROP DATABASE monitoria_db;
--
-- TOC entry 4929 (class 1262 OID 36957)
-- Name: monitoria_db; Type: DATABASE; Schema: -; Owner: postgres
--

CREATE DATABASE monitoria_db WITH TEMPLATE = template0 ENCODING = 'UTF8' LOCALE_PROVIDER = libc LOCALE = 'Portuguese_Brazil.1252';


ALTER DATABASE monitoria_db OWNER TO postgres;

\connect monitoria_db

SET statement_timeout = 0;
SET lock_timeout = 0;
SET idle_in_transaction_session_timeout = 0;
SET transaction_timeout = 0;
SET client_encoding = 'UTF8';
SET standard_conforming_strings = on;
SELECT pg_catalog.set_config('search_path', '', false);
SET check_function_bodies = false;
SET xmloption = content;
SET client_min_messages = warning;
SET row_security = off;

SET default_tablespace = '';

SET default_table_access_method = heap;

--
-- TOC entry 218 (class 1259 OID 36959)
-- Name: avaliacao; Type: TABLE; Schema: public; Owner: postgres
--

CREATE TABLE public.avaliacao (
    avaliacao_id bigint NOT NULL,
    comentario text,
    estrelas integer NOT NULL,
    aluno_id bigint NOT NULL,
    sessao_id bigint NOT NULL
);


ALTER TABLE public.avaliacao OWNER TO postgres;

--
-- TOC entry 217 (class 1259 OID 36958)
-- Name: avaliacao_avaliacao_id_seq; Type: SEQUENCE; Schema: public; Owner: postgres
--

ALTER TABLE public.avaliacao ALTER COLUMN avaliacao_id ADD GENERATED BY DEFAULT AS IDENTITY (
    SEQUENCE NAME public.avaliacao_avaliacao_id_seq
    START WITH 1
    INCREMENT BY 1
    NO MINVALUE
    NO MAXVALUE
    CACHE 1
);


--
-- TOC entry 220 (class 1259 OID 36967)
-- Name: curso; Type: TABLE; Schema: public; Owner: postgres
--

CREATE TABLE public.curso (
    curso_id bigint NOT NULL,
    codigo character varying(20) NOT NULL,
    nome character varying(100) NOT NULL
);


ALTER TABLE public.curso OWNER TO postgres;

--
-- TOC entry 219 (class 1259 OID 36966)
-- Name: curso_curso_id_seq; Type: SEQUENCE; Schema: public; Owner: postgres
--

ALTER TABLE public.curso ALTER COLUMN curso_id ADD GENERATED BY DEFAULT AS IDENTITY (
    SEQUENCE NAME public.curso_curso_id_seq
    START WITH 1
    INCREMENT BY 1
    NO MINVALUE
    NO MAXVALUE
    CACHE 1
);


--
-- TOC entry 222 (class 1259 OID 36973)
-- Name: material; Type: TABLE; Schema: public; Owner: postgres
--

CREATE TABLE public.material (
    material_id bigint NOT NULL,
    arquivo character varying(255),
    data_envio timestamp(6) without time zone NOT NULL,
    link_externo character varying(255),
    titulo character varying(100) NOT NULL,
    sessao_id bigint NOT NULL
);


ALTER TABLE public.material OWNER TO postgres;

--
-- TOC entry 221 (class 1259 OID 36972)
-- Name: material_material_id_seq; Type: SEQUENCE; Schema: public; Owner: postgres
--

ALTER TABLE public.material ALTER COLUMN material_id ADD GENERATED BY DEFAULT AS IDENTITY (
    SEQUENCE NAME public.material_material_id_seq
    START WITH 1
    INCREMENT BY 1
    NO MINVALUE
    NO MAXVALUE
    CACHE 1
);


--
-- TOC entry 224 (class 1259 OID 36981)
-- Name: mensagem; Type: TABLE; Schema: public; Owner: postgres
--

CREATE TABLE public.mensagem (
    mensagem_id bigint NOT NULL,
    conteudo text NOT NULL,
    data_hora timestamp(6) without time zone NOT NULL,
    autor_id bigint NOT NULL,
    sessao_id bigint NOT NULL
);


ALTER TABLE public.mensagem OWNER TO postgres;

--
-- TOC entry 223 (class 1259 OID 36980)
-- Name: mensagem_mensagem_id_seq; Type: SEQUENCE; Schema: public; Owner: postgres
--

ALTER TABLE public.mensagem ALTER COLUMN mensagem_id ADD GENERATED BY DEFAULT AS IDENTITY (
    SEQUENCE NAME public.mensagem_mensagem_id_seq
    START WITH 1
    INCREMENT BY 1
    NO MINVALUE
    NO MAXVALUE
    CACHE 1
);


--
-- TOC entry 226 (class 1259 OID 36989)
-- Name: monitoria; Type: TABLE; Schema: public; Owner: postgres
--

CREATE TABLE public.monitoria (
    monitoria_id bigint NOT NULL,
    codigo_disciplina character varying(20) NOT NULL,
    dias_da_semana character varying(50),
    disciplina character varying(100) NOT NULL,
    horario time(6) without time zone,
    link_sala_virtual character varying(255),
    observacoes text,
    curso_id bigint NOT NULL,
    monitor_id bigint NOT NULL
);


ALTER TABLE public.monitoria OWNER TO postgres;

--
-- TOC entry 225 (class 1259 OID 36988)
-- Name: monitoria_monitoria_id_seq; Type: SEQUENCE; Schema: public; Owner: postgres
--

ALTER TABLE public.monitoria ALTER COLUMN monitoria_id ADD GENERATED BY DEFAULT AS IDENTITY (
    SEQUENCE NAME public.monitoria_monitoria_id_seq
    START WITH 1
    INCREMENT BY 1
    NO MINVALUE
    NO MAXVALUE
    CACHE 1
);


--
-- TOC entry 228 (class 1259 OID 36997)
-- Name: notificacao; Type: TABLE; Schema: public; Owner: postgres
--

CREATE TABLE public.notificacao (
    notificacao_id bigint NOT NULL,
    data_criacao timestamp(6) without time zone NOT NULL,
    lida boolean NOT NULL,
    mensagem text NOT NULL,
    usuario_id bigint NOT NULL
);


ALTER TABLE public.notificacao OWNER TO postgres;

--
-- TOC entry 227 (class 1259 OID 36996)
-- Name: notificacao_notificacao_id_seq; Type: SEQUENCE; Schema: public; Owner: postgres
--

ALTER TABLE public.notificacao ALTER COLUMN notificacao_id ADD GENERATED BY DEFAULT AS IDENTITY (
    SEQUENCE NAME public.notificacao_notificacao_id_seq
    START WITH 1
    INCREMENT BY 1
    NO MINVALUE
    NO MAXVALUE
    CACHE 1
);


--
-- TOC entry 230 (class 1259 OID 37005)
-- Name: sessao_agendada; Type: TABLE; Schema: public; Owner: postgres
--

CREATE TABLE public.sessao_agendada (
    sessao_id bigint NOT NULL,
    data timestamp(6) without time zone NOT NULL,
    status character varying(20) NOT NULL,
    aluno_id bigint NOT NULL,
    monitoria_id bigint NOT NULL,
    CONSTRAINT sessao_agendada_status_check CHECK (((status)::text = ANY ((ARRAY['AGUARDANDO_APROVACAO'::character varying, 'DEFERIDA'::character varying, 'RECUSADA'::character varying])::text[])))
);


ALTER TABLE public.sessao_agendada OWNER TO postgres;

--
-- TOC entry 229 (class 1259 OID 37004)
-- Name: sessao_agendada_sessao_id_seq; Type: SEQUENCE; Schema: public; Owner: postgres
--

ALTER TABLE public.sessao_agendada ALTER COLUMN sessao_id ADD GENERATED BY DEFAULT AS IDENTITY (
    SEQUENCE NAME public.sessao_agendada_sessao_id_seq
    START WITH 1
    INCREMENT BY 1
    NO MINVALUE
    NO MAXVALUE
    CACHE 1
);


--
-- TOC entry 232 (class 1259 OID 37012)
-- Name: usuario; Type: TABLE; Schema: public; Owner: postgres
--

CREATE TABLE public.usuario (
    usuario_id bigint NOT NULL,
    celular character varying(20),
    data_nascimento date,
    email character varying(100) NOT NULL,
    matricula character varying(30) NOT NULL,
    nome character varying(100) NOT NULL,
    senha character varying(255) NOT NULL,
    tipo_usuario character varying(10) NOT NULL,
    curso_id bigint NOT NULL,
    CONSTRAINT usuario_tipo_usuario_check CHECK (((tipo_usuario)::text = ANY ((ARRAY['ALUNO'::character varying, 'MONITOR'::character varying])::text[])))
);


ALTER TABLE public.usuario OWNER TO postgres;

--
-- TOC entry 231 (class 1259 OID 37011)
-- Name: usuario_usuario_id_seq; Type: SEQUENCE; Schema: public; Owner: postgres
--

ALTER TABLE public.usuario ALTER COLUMN usuario_id ADD GENERATED BY DEFAULT AS IDENTITY (
    SEQUENCE NAME public.usuario_usuario_id_seq
    START WITH 1
    INCREMENT BY 1
    NO MINVALUE
    NO MAXVALUE
    CACHE 1
);


--
-- TOC entry 4909 (class 0 OID 36959)
-- Dependencies: 218
-- Data for Name: avaliacao; Type: TABLE DATA; Schema: public; Owner: postgres
--

COPY public.avaliacao (avaliacao_id, comentario, estrelas, aluno_id, sessao_id) FROM stdin;
2	Excelente monitoria, ajudou bastante!	5	2	2
\.


--
-- TOC entry 4911 (class 0 OID 36967)
-- Dependencies: 220
-- Data for Name: curso; Type: TABLE DATA; Schema: public; Owner: postgres
--

COPY public.curso (curso_id, codigo, nome) FROM stdin;
1	CCO01	Ciência da Computação
2	ESO02	Engenharia de Software
3	MAT03	Matemática
4	CCOMP	Ciência da Computação
\.


--
-- TOC entry 4913 (class 0 OID 36973)
-- Dependencies: 222
-- Data for Name: material; Type: TABLE DATA; Schema: public; Owner: postgres
--

COPY public.material (material_id, arquivo, data_envio, link_externo, titulo, sessao_id) FROM stdin;
2	\N	2025-08-05 20:05:21.743245	https://drive.google.com/file/d/abcd1234/view	Slides Aula 1 - Introdução	2
\.


--
-- TOC entry 4915 (class 0 OID 36981)
-- Dependencies: 224
-- Data for Name: mensagem; Type: TABLE DATA; Schema: public; Owner: postgres
--

COPY public.mensagem (mensagem_id, conteudo, data_hora, autor_id, sessao_id) FROM stdin;
1	Olá, gostaria de saber sobre a monitoria.	2025-08-05 20:11:46.447464	2	2
\.


--
-- TOC entry 4917 (class 0 OID 36989)
-- Dependencies: 226
-- Data for Name: monitoria; Type: TABLE DATA; Schema: public; Owner: postgres
--

COPY public.monitoria (monitoria_id, codigo_disciplina, dias_da_semana, disciplina, horario, link_sala_virtual, observacoes, curso_id, monitor_id) FROM stdin;
2	MAT101	Segunda e Quarta	Cálculo I	14:00:00	https://meet.google.com/abc-defg-hij	Trazer dúvidas da última lista de exercícios	1	2
3	COM202	Terça e Quinta	Redes II	16:00:00	https://meet.google.com/abc-defg-hij	Trazer dúvidas da última lista de exercícios	1	5
4	COM300	Terça e Quinta	Estrutura de dados	09:00:00	https://meet.google.com/abc-defg-hij	Trazer dúvidas da última lista de exercícios	1	7
\.


--
-- TOC entry 4919 (class 0 OID 36997)
-- Dependencies: 228
-- Data for Name: notificacao; Type: TABLE DATA; Schema: public; Owner: postgres
--

COPY public.notificacao (notificacao_id, data_criacao, lida, mensagem, usuario_id) FROM stdin;
2	2025-08-05 21:14:08.373734	t	Sua sessão foi confirmada!	2
\.


--
-- TOC entry 4921 (class 0 OID 37005)
-- Dependencies: 230
-- Data for Name: sessao_agendada; Type: TABLE DATA; Schema: public; Owner: postgres
--

COPY public.sessao_agendada (sessao_id, data, status, aluno_id, monitoria_id) FROM stdin;
2	2025-08-10 14:30:00	DEFERIDA	4	2
3	2025-08-06 03:22:58.676	DEFERIDA	4	2
4	2025-08-10 14:30:00	DEFERIDA	8	3
5	2025-08-10 14:30:00	DEFERIDA	7	4
6	2025-08-06 03:46:19.446	AGUARDANDO_APROVACAO	6	2
7	2025-08-06 04:10:43.592	AGUARDANDO_APROVACAO	9	2
8	2025-08-06 05:25:26.879	AGUARDANDO_APROVACAO	4	3
\.


--
-- TOC entry 4923 (class 0 OID 37012)
-- Dependencies: 232
-- Data for Name: usuario; Type: TABLE DATA; Schema: public; Owner: postgres
--

COPY public.usuario (usuario_id, celular, data_nascimento, email, matricula, nome, senha, tipo_usuario, curso_id) FROM stdin;
2	98999990002	1998-08-15	maria.oliveira@email.com	20184567	Maria Oliveira	123456	MONITOR	1
4	98999999988	2000-05-10	edson.silva@email.com	20220001	Edson Silva	123433	ALUNO	4
5	98986688888	1999-08-15	juju.souza@email.com	20240002	Julia Souza	123456	MONITOR	1
6	98999683709	1998-02-25	edsonteste@monitoria.br	20211234	Edson Carlos Ferreira de Moura	1998	MONITOR	1
7	99999999998	2005-06-21	joaoaluno@monitoria.br	20251234	Joãozinho	10987	ALUNO	1
8	77777777777	1999-01-01	aluno@test.br	21212525	Aluno	98765	ALUNO	1
9	888888888888	2010-03-25	eucarlos@test.br	20211987	Carlos	1234	ALUNO	1
\.


--
-- TOC entry 4930 (class 0 OID 0)
-- Dependencies: 217
-- Name: avaliacao_avaliacao_id_seq; Type: SEQUENCE SET; Schema: public; Owner: postgres
--

SELECT pg_catalog.setval('public.avaliacao_avaliacao_id_seq', 2, true);


--
-- TOC entry 4931 (class 0 OID 0)
-- Dependencies: 219
-- Name: curso_curso_id_seq; Type: SEQUENCE SET; Schema: public; Owner: postgres
--

SELECT pg_catalog.setval('public.curso_curso_id_seq', 4, true);


--
-- TOC entry 4932 (class 0 OID 0)
-- Dependencies: 221
-- Name: material_material_id_seq; Type: SEQUENCE SET; Schema: public; Owner: postgres
--

SELECT pg_catalog.setval('public.material_material_id_seq', 2, true);


--
-- TOC entry 4933 (class 0 OID 0)
-- Dependencies: 223
-- Name: mensagem_mensagem_id_seq; Type: SEQUENCE SET; Schema: public; Owner: postgres
--

SELECT pg_catalog.setval('public.mensagem_mensagem_id_seq', 1, true);


--
-- TOC entry 4934 (class 0 OID 0)
-- Dependencies: 225
-- Name: monitoria_monitoria_id_seq; Type: SEQUENCE SET; Schema: public; Owner: postgres
--

SELECT pg_catalog.setval('public.monitoria_monitoria_id_seq', 4, true);


--
-- TOC entry 4935 (class 0 OID 0)
-- Dependencies: 227
-- Name: notificacao_notificacao_id_seq; Type: SEQUENCE SET; Schema: public; Owner: postgres
--

SELECT pg_catalog.setval('public.notificacao_notificacao_id_seq', 2, true);


--
-- TOC entry 4936 (class 0 OID 0)
-- Dependencies: 229
-- Name: sessao_agendada_sessao_id_seq; Type: SEQUENCE SET; Schema: public; Owner: postgres
--

SELECT pg_catalog.setval('public.sessao_agendada_sessao_id_seq', 8, true);


--
-- TOC entry 4937 (class 0 OID 0)
-- Dependencies: 231
-- Name: usuario_usuario_id_seq; Type: SEQUENCE SET; Schema: public; Owner: postgres
--

SELECT pg_catalog.setval('public.usuario_usuario_id_seq', 9, true);


--
-- TOC entry 4733 (class 2606 OID 36965)
-- Name: avaliacao avaliacao_pkey; Type: CONSTRAINT; Schema: public; Owner: postgres
--

ALTER TABLE ONLY public.avaliacao
    ADD CONSTRAINT avaliacao_pkey PRIMARY KEY (avaliacao_id);


--
-- TOC entry 4735 (class 2606 OID 36971)
-- Name: curso curso_pkey; Type: CONSTRAINT; Schema: public; Owner: postgres
--

ALTER TABLE ONLY public.curso
    ADD CONSTRAINT curso_pkey PRIMARY KEY (curso_id);


--
-- TOC entry 4739 (class 2606 OID 36979)
-- Name: material material_pkey; Type: CONSTRAINT; Schema: public; Owner: postgres
--

ALTER TABLE ONLY public.material
    ADD CONSTRAINT material_pkey PRIMARY KEY (material_id);


--
-- TOC entry 4741 (class 2606 OID 36987)
-- Name: mensagem mensagem_pkey; Type: CONSTRAINT; Schema: public; Owner: postgres
--

ALTER TABLE ONLY public.mensagem
    ADD CONSTRAINT mensagem_pkey PRIMARY KEY (mensagem_id);


--
-- TOC entry 4743 (class 2606 OID 36995)
-- Name: monitoria monitoria_pkey; Type: CONSTRAINT; Schema: public; Owner: postgres
--

ALTER TABLE ONLY public.monitoria
    ADD CONSTRAINT monitoria_pkey PRIMARY KEY (monitoria_id);


--
-- TOC entry 4745 (class 2606 OID 37003)
-- Name: notificacao notificacao_pkey; Type: CONSTRAINT; Schema: public; Owner: postgres
--

ALTER TABLE ONLY public.notificacao
    ADD CONSTRAINT notificacao_pkey PRIMARY KEY (notificacao_id);


--
-- TOC entry 4747 (class 2606 OID 37010)
-- Name: sessao_agendada sessao_agendada_pkey; Type: CONSTRAINT; Schema: public; Owner: postgres
--

ALTER TABLE ONLY public.sessao_agendada
    ADD CONSTRAINT sessao_agendada_pkey PRIMARY KEY (sessao_id);


--
-- TOC entry 4749 (class 2606 OID 37023)
-- Name: usuario uk5171l57faosmj8myawaucatdw; Type: CONSTRAINT; Schema: public; Owner: postgres
--

ALTER TABLE ONLY public.usuario
    ADD CONSTRAINT uk5171l57faosmj8myawaucatdw UNIQUE (email);


--
-- TOC entry 4737 (class 2606 OID 37021)
-- Name: curso ukk6ib5nb7vu5tjgf54k15eudk; Type: CONSTRAINT; Schema: public; Owner: postgres
--

ALTER TABLE ONLY public.curso
    ADD CONSTRAINT ukk6ib5nb7vu5tjgf54k15eudk UNIQUE (codigo);


--
-- TOC entry 4751 (class 2606 OID 37019)
-- Name: usuario usuario_pkey; Type: CONSTRAINT; Schema: public; Owner: postgres
--

ALTER TABLE ONLY public.usuario
    ADD CONSTRAINT usuario_pkey PRIMARY KEY (usuario_id);


--
-- TOC entry 4757 (class 2606 OID 37049)
-- Name: monitoria fk6rm5y6f5v7tn3gauvmvk80f7d; Type: FK CONSTRAINT; Schema: public; Owner: postgres
--

ALTER TABLE ONLY public.monitoria
    ADD CONSTRAINT fk6rm5y6f5v7tn3gauvmvk80f7d FOREIGN KEY (curso_id) REFERENCES public.curso(curso_id);


--
-- TOC entry 4760 (class 2606 OID 37069)
-- Name: sessao_agendada fk8eh02go6bdyi8wt56aq3b5119; Type: FK CONSTRAINT; Schema: public; Owner: postgres
--

ALTER TABLE ONLY public.sessao_agendada
    ADD CONSTRAINT fk8eh02go6bdyi8wt56aq3b5119 FOREIGN KEY (monitoria_id) REFERENCES public.monitoria(monitoria_id);


--
-- TOC entry 4761 (class 2606 OID 37064)
-- Name: sessao_agendada fkct18wydm8l84l0em7ifiudx5s; Type: FK CONSTRAINT; Schema: public; Owner: postgres
--

ALTER TABLE ONLY public.sessao_agendada
    ADD CONSTRAINT fkct18wydm8l84l0em7ifiudx5s FOREIGN KEY (aluno_id) REFERENCES public.usuario(usuario_id);


--
-- TOC entry 4758 (class 2606 OID 37054)
-- Name: monitoria fkd1dhr5him27u9vm6vumc6tmpe; Type: FK CONSTRAINT; Schema: public; Owner: postgres
--

ALTER TABLE ONLY public.monitoria
    ADD CONSTRAINT fkd1dhr5him27u9vm6vumc6tmpe FOREIGN KEY (monitor_id) REFERENCES public.usuario(usuario_id);


--
-- TOC entry 4752 (class 2606 OID 37024)
-- Name: avaliacao fkdpmsmykew3tu6wqfmjwre8ool; Type: FK CONSTRAINT; Schema: public; Owner: postgres
--

ALTER TABLE ONLY public.avaliacao
    ADD CONSTRAINT fkdpmsmykew3tu6wqfmjwre8ool FOREIGN KEY (aluno_id) REFERENCES public.usuario(usuario_id);


--
-- TOC entry 4753 (class 2606 OID 37029)
-- Name: avaliacao fkdy7txvkvvpf5mhbh26u0x5w1t; Type: FK CONSTRAINT; Schema: public; Owner: postgres
--

ALTER TABLE ONLY public.avaliacao
    ADD CONSTRAINT fkdy7txvkvvpf5mhbh26u0x5w1t FOREIGN KEY (sessao_id) REFERENCES public.sessao_agendada(sessao_id);


--
-- TOC entry 4759 (class 2606 OID 37059)
-- Name: notificacao fkkhtmkl9niu8mcche3x53as5sg; Type: FK CONSTRAINT; Schema: public; Owner: postgres
--

ALTER TABLE ONLY public.notificacao
    ADD CONSTRAINT fkkhtmkl9niu8mcche3x53as5sg FOREIGN KEY (usuario_id) REFERENCES public.usuario(usuario_id);


--
-- TOC entry 4754 (class 2606 OID 37034)
-- Name: material fknvjktu1dboe79y9fpfem4k1ni; Type: FK CONSTRAINT; Schema: public; Owner: postgres
--

ALTER TABLE ONLY public.material
    ADD CONSTRAINT fknvjktu1dboe79y9fpfem4k1ni FOREIGN KEY (sessao_id) REFERENCES public.sessao_agendada(sessao_id);


--
-- TOC entry 4755 (class 2606 OID 37039)
-- Name: mensagem fko0kdhprti9uysyow7jcsfig4q; Type: FK CONSTRAINT; Schema: public; Owner: postgres
--

ALTER TABLE ONLY public.mensagem
    ADD CONSTRAINT fko0kdhprti9uysyow7jcsfig4q FOREIGN KEY (autor_id) REFERENCES public.usuario(usuario_id);


--
-- TOC entry 4762 (class 2606 OID 37074)
-- Name: usuario fkoyy18bfj08k5e0rxq1qhx68s7; Type: FK CONSTRAINT; Schema: public; Owner: postgres
--

ALTER TABLE ONLY public.usuario
    ADD CONSTRAINT fkoyy18bfj08k5e0rxq1qhx68s7 FOREIGN KEY (curso_id) REFERENCES public.curso(curso_id);


--
-- TOC entry 4756 (class 2606 OID 37044)
-- Name: mensagem fkpwc7cnsbktyp8bkkx9bdv1hny; Type: FK CONSTRAINT; Schema: public; Owner: postgres
--

ALTER TABLE ONLY public.mensagem
    ADD CONSTRAINT fkpwc7cnsbktyp8bkkx9bdv1hny FOREIGN KEY (sessao_id) REFERENCES public.sessao_agendada(sessao_id);


-- Completed on 2025-08-06 07:07:12

--
-- PostgreSQL database dump complete
--

